country,alpha_2_code,alpha_3_code,numeric_code,indicator,time_period,obs_value,sex,unit_multiplier,unit_of_measure,observation_status,observation_confidentaility,time_period_activity_related_to_when_the_data_are_collected,current_age
Andorra,AD,AND,20,Proportion of health care facilities with limited hygiene services,2000,0,Total,,%,,,,Total
Andorra,AD,AND,20,Proportion of health care facilities with limited hygiene services,2001,0,Total,,%,,,,Total
Andorra,AD,AND,20,Proportion of health care facilities with limited hygiene services,2002,0,Total,,%,,,,Total
Andorra,AD,AND,20,Proportion of health care facilities with limited hygiene services,2003,0,Total,,%,,,,Total
Andorra,AD,AND,20,Proportion of health care facilities with limited hygiene services,2004,0,Total,,%,,,,Total
Andorra,AD,AND,20,Proportion of health care facilities with limited hygiene services,2005,0,Total,,%,,,,Total
Andorra,AD,AND,20,Proportion of health care facilities with limited hygiene services,2006,0,Total,,%,,,,Total
Andorra,AD,AND,20,Proportion of health care facilities with limited hygiene services,2007,0,Total,,%,,,,Total
Andorra,AD,AND,20,Proportion of health care facilities with limited hygiene services,2008,0,Total,,%,,,,Total
Andorra,AD,AND,20,Proportion of health care facilities with limited hygiene services,2009,0,Total,,%,,,,Total
Andorra,AD,AND,20,Proportion of health care facilities with limited hygiene services,2010,0,Total,,%,,,,Total
Andorra,AD,AND,20,Proportion of health care facilities with limited hygiene services,2011,0,Total,,%,,,,Total
Andorra,AD,AND,20,Proportion of health care facilities with limited hygiene services,2012,0,Total,,%,,,,Total
Andorra,AD,AND,20,Proportion of health care facilities with limited hygiene services,2013,0,Total,,%,,,,Total
Andorra,AD,AND,20,Proportion of health care facilities with limited hygiene services,2014,0,Total,,%,,,,Total
Andorra,AD,AND,20,Proportion of health care facilities with limited hygiene services,2015,0,Total,,%,,,,Total
Andorra,AD,AND,20,Proportion of health care facilities with limited hygiene services,2016,0,Total,,%,,,,Total
Andorra,AD,AND,20,Proportion of health care facilities with limited hygiene services,2017,0,Total,,%,,,,Total
Andorra,AD,AND,20,Proportion of health care facilities with limited hygiene services,2018,0,Total,,%,,,,Total
Andorra,AD,AND,20,Proportion of health care facilities with limited hygiene services,2019,0,Total,,%,,,,Total
Andorra,AD,AND,20,Proportion of health care facilities with limited hygiene services,2020,0,Total,,%,,,,Total
Andorra,AD,AND,20,Proportion of health care facilities with limited hygiene services,2021,0,Total,,%,,,,Total
Andorra,AD,AND,20,Proportion of health care facilities with limited hygiene services,2022,0,Total,,%,,,,Total
Andorra,AD,AND,20,Proportion of health care facilities with limited hygiene services,2023,0,Total,,%,,,,Total
Azerbaijan,AZ,AZE,31,Proportion of health care facilities with limited hygiene services,2000,0,Total,,%,,,,Total
Azerbaijan,AZ,AZE,31,Proportion of health care facilities with limited hygiene services,2001,0,Total,,%,,,,Total
Azerbaijan,AZ,AZE,31,Proportion of health care facilities with limited hygiene services,2002,0,Total,,%,,,,Total
Azerbaijan,AZ,AZE,31,Proportion of health care facilities with limited hygiene services,2003,0,Total,,%,,,,Total
Azerbaijan,AZ,AZE,31,Proportion of health care facilities with limited hygiene services,2004,0,Total,,%,,,,Total
Azerbaijan,AZ,AZE,31,Proportion of health care facilities with limited hygiene services,2005,0,Total,,%,,,,Total
Azerbaijan,AZ,AZE,31,Proportion of health care facilities with limited hygiene services,2006,0,Total,,%,,,,Total
Azerbaijan,AZ,AZE,31,Proportion of health care facilities with limited hygiene services,2007,0,Total,,%,,,,Total
Azerbaijan,AZ,AZE,31,Proportion of health care facilities with limited hygiene services,2008,0,Total,,%,,,,Total
Azerbaijan,AZ,AZE,31,Proportion of health care facilities with limited hygiene services,2009,0,Total,,%,,,,Total
Azerbaijan,AZ,AZE,31,Proportion of health care facilities with limited hygiene services,2010,0,Total,,%,,,,Total
Azerbaijan,AZ,AZE,31,Proportion of health care facilities with limited hygiene services,2011,0,Total,,%,,,,Total
Azerbaijan,AZ,AZE,31,Proportion of health care facilities with limited hygiene services,2012,0,Total,,%,,,,Total
Azerbaijan,AZ,AZE,31,Proportion of health care facilities with limited hygiene services,2013,0,Total,,%,,,,Total
Azerbaijan,AZ,AZE,31,Proportion of health care facilities with limited hygiene services,2014,0,Total,,%,,,,Total
Azerbaijan,AZ,AZE,31,Proportion of health care facilities with limited hygiene services,2015,0,Total,,%,,,,Total
Azerbaijan,AZ,AZE,31,Proportion of health care facilities with limited hygiene services,2016,0,Total,,%,,,,Total
Azerbaijan,AZ,AZE,31,Proportion of health care facilities with limited hygiene services,2017,0,Total,,%,,,,Total
Azerbaijan,AZ,AZE,31,Proportion of health care facilities with limited hygiene services,2018,0,Total,,%,,,,Total
Azerbaijan,AZ,AZE,31,Proportion of health care facilities with limited hygiene services,2019,0,Total,,%,,,,Total
Azerbaijan,AZ,AZE,31,Proportion of health care facilities with limited hygiene services,2020,0,Total,,%,,,,Total
Azerbaijan,AZ,AZE,31,Proportion of health care facilities with limited hygiene services,2021,0,Total,,%,,,,Total
Azerbaijan,AZ,AZE,31,Proportion of health care facilities with limited hygiene services,2022,0,Total,,%,,,,Total
Azerbaijan,AZ,AZE,31,Proportion of health care facilities with limited hygiene services,2023,0,Total,,%,,,,Total
Bangladesh,BD,BGD,50,Proportion of health care facilities with limited hygiene services,2013,59.23295,Total,,%,,,,Total
Bangladesh,BD,BGD,50,Proportion of health care facilities with limited hygiene services,2014,59.23295,Total,,%,,,,Total
Bangladesh,BD,BGD,50,Proportion of health care facilities with limited hygiene services,2015,59.23295,Total,,%,,,,Total
Bangladesh,BD,BGD,50,Proportion of health care facilities with limited hygiene services,2016,59.23295,Total,,%,,,,Total
Bangladesh,BD,BGD,50,Proportion of health care facilities with limited hygiene services,2017,59.23295,Total,,%,,,,Total
Bangladesh,BD,BGD,50,Proportion of health care facilities with limited hygiene services,2018,59.23295,Total,,%,,,,Total
Bangladesh,BD,BGD,50,Proportion of health care facilities with limited hygiene services,2019,59.23295,Total,,%,,,,Total
Bangladesh,BD,BGD,50,Proportion of health care facilities with limited hygiene services,2020,59.23295,Total,,%,,,,Total
Bangladesh,BD,BGD,50,Proportion of health care facilities with limited hygiene services,2021,59.23295,Total,,%,,,,Total
Cambodia,KH,KHM,116,Proportion of health care facilities with limited hygiene services,2020,21.85430000000001,Total,,%,,,,Total
Cambodia,KH,KHM,116,Proportion of health care facilities with limited hygiene services,2021,21.85430000000001,Total,,%,,,,Total
Cambodia,KH,KHM,116,Proportion of health care facilities with limited hygiene services,2022,21.85430000000001,Total,,%,,,,Total
Cambodia,KH,KHM,116,Proportion of health care facilities with limited hygiene services,2023,21.85430000000001,Total,,%,,,,Total
China,CN,CHN,156,Proportion of health care facilities with limited hygiene services,2014,63.91,Total,,%,,,,Total
China,CN,CHN,156,Proportion of health care facilities with limited hygiene services,2015,63.91,Total,,%,,,,Total
China,CN,CHN,156,Proportion of health care facilities with limited hygiene services,2016,63.91,Total,,%,,,,Total
China,CN,CHN,156,Proportion of health care facilities with limited hygiene services,2017,63.91,Total,,%,,,,Total
China,CN,CHN,156,Proportion of health care facilities with limited hygiene services,2018,63.91,Total,,%,,,,Total
China,CN,CHN,156,Proportion of health care facilities with limited hygiene services,2019,63.91,Total,,%,,,,Total
China,CN,CHN,156,Proportion of health care facilities with limited hygiene services,2020,63.91,Total,,%,,,,Total
China,CN,CHN,156,Proportion of health care facilities with limited hygiene services,2021,63.91,Total,,%,,,,Total
China,CN,CHN,156,Proportion of health care facilities with limited hygiene services,2022,63.91,Total,,%,,,,Total
Czech Republic,CZ,CZE,203,Proportion of health care facilities with limited hygiene services,2000,0,Total,,%,,,,Total
Czech Republic,CZ,CZE,203,Proportion of health care facilities with limited hygiene services,2001,0,Total,,%,,,,Total
Czech Republic,CZ,CZE,203,Proportion of health care facilities with limited hygiene services,2002,0,Total,,%,,,,Total
Czech Republic,CZ,CZE,203,Proportion of health care facilities with limited hygiene services,2003,0,Total,,%,,,,Total
Czech Republic,CZ,CZE,203,Proportion of health care facilities with limited hygiene services,2004,0,Total,,%,,,,Total
Czech Republic,CZ,CZE,203,Proportion of health care facilities with limited hygiene services,2005,0,Total,,%,,,,Total
Czech Republic,CZ,CZE,203,Proportion of health care facilities with limited hygiene services,2006,0,Total,,%,,,,Total
Czech Republic,CZ,CZE,203,Proportion of health care facilities with limited hygiene services,2007,0,Total,,%,,,,Total
Czech Republic,CZ,CZE,203,Proportion of health care facilities with limited hygiene services,2008,0,Total,,%,,,,Total
Czech Republic,CZ,CZE,203,Proportion of health care facilities with limited hygiene services,2009,0,Total,,%,,,,Total
Czech Republic,CZ,CZE,203,Proportion of health care facilities with limited hygiene services,2010,0,Total,,%,,,,Total
Czech Republic,CZ,CZE,203,Proportion of health care facilities with limited hygiene services,2011,0,Total,,%,,,,Total
Czech Republic,CZ,CZE,203,Proportion of health care facilities with limited hygiene services,2012,0,Total,,%,,,,Total
Czech Republic,CZ,CZE,203,Proportion of health care facilities with limited hygiene services,2013,0,Total,,%,,,,Total
Czech Republic,CZ,CZE,203,Proportion of health care facilities with limited hygiene services,2014,0,Total,,%,,,,Total
Czech Republic,CZ,CZE,203,Proportion of health care facilities with limited hygiene services,2015,0,Total,,%,,,,Total
Czech Republic,CZ,CZE,203,Proportion of health care facilities with limited hygiene services,2016,0,Total,,%,,,,Total
Czech Republic,CZ,CZE,203,Proportion of health care facilities with limited hygiene services,2017,0,Total,,%,,,,Total
Czech Republic,CZ,CZE,203,Proportion of health care facilities with limited hygiene services,2018,0,Total,,%,,,,Total
Czech Republic,CZ,CZE,203,Proportion of health care facilities with limited hygiene services,2019,0,Total,,%,,,,Total
Czech Republic,CZ,CZE,203,Proportion of health care facilities with limited hygiene services,2020,0,Total,,%,,,,Total
Czech Republic,CZ,CZE,203,Proportion of health care facilities with limited hygiene services,2021,0,Total,,%,,,,Total
Czech Republic,CZ,CZE,203,Proportion of health care facilities with limited hygiene services,2022,0,Total,,%,,,,Total
Czech Republic,CZ,CZE,203,Proportion of health care facilities with limited hygiene services,2023,0,Total,,%,,,,Total
Egypt,EG,EGY,818,Proportion of health care facilities with limited hygiene services,2000,98.10648377872621,Total,,%,,,,Total
Egypt,EG,EGY,818,Proportion of health care facilities with limited hygiene services,2001,95.32092229395948,Total,,%,,,,Total
Egypt,EG,EGY,818,Proportion of health care facilities with limited hygiene services,2002,92.53536080919275,Total,,%,,,,Total
Egypt,EG,EGY,818,Proportion of health care facilities with limited hygiene services,2003,90.82600000000001,Total,,%,,,,Total
Egypt,EG,EGY,818,Proportion of health care facilities with limited hygiene services,2004,90.82600000000001,Total,,%,,,,Total
Egypt,EG,EGY,818,Proportion of health care facilities with limited hygiene services,2005,90.82600000000001,Total,,%,,,,Total
Egypt,EG,EGY,818,Proportion of health care facilities with limited hygiene services,2006,90.82600000000001,Total,,%,,,,Total
Egypt,EG,EGY,818,Proportion of health care facilities with limited hygiene services,2007,90.82600000000001,Total,,%,,,,Total
Egypt,EG,EGY,818,Proportion of health care facilities with limited hygiene services,2008,90.82600000000001,Total,,%,,,,Total
Egypt,EG,EGY,818,Proportion of health care facilities with limited hygiene services,2009,90.82600000000001,Total,,%,,,,Total
Egypt,EG,EGY,818,Proportion of health care facilities with limited hygiene services,2010,90.82600000000001,Total,,%,,,,Total
Egypt,EG,EGY,818,Proportion of health care facilities with limited hygiene services,2011,67.46530744629126,Total,,%,,,,Total
Egypt,EG,EGY,818,Proportion of health care facilities with limited hygiene services,2012,64.67974596152453,Total,,%,,,,Total
Egypt,EG,EGY,818,Proportion of health care facilities with limited hygiene services,2013,61.89418447675779,Total,,%,,,,Total
Egypt,EG,EGY,818,Proportion of health care facilities with limited hygiene services,2014,59.10862299199016,Total,,%,,,,Total
Egypt,EG,EGY,818,Proportion of health care facilities with limited hygiene services,2015,56.32306150722343,Total,,%,,,,Total
Egypt,EG,EGY,818,Proportion of health care facilities with limited hygiene services,2016,53.5375000224567,Total,,%,,,,Total
Egypt,EG,EGY,818,Proportion of health care facilities with limited hygiene services,2017,50.75193853768997,Total,,%,,,,Total
Egypt,EG,EGY,818,Proportion of health care facilities with limited hygiene services,2018,47.96637705292324,Total,,%,,,,Total
Egypt,EG,EGY,818,Proportion of health care facilities with limited hygiene services,2019,45.1808155681565,Total,,%,,,,Total
Egypt,EG,EGY,818,Proportion of health care facilities with limited hygiene services,2020,42.39525408338977,Total,,%,,,,Total
Egypt,EG,EGY,818,Proportion of health care facilities with limited hygiene services,2021,39.60969259862304,Total,,%,,,,Total
Egypt,EG,EGY,818,Proportion of health care facilities with limited hygiene services,2022,36.8241311138563,Total,,%,,,,Total
Egypt,EG,EGY,818,Proportion of health care facilities with limited hygiene services,2023,36.8241311138563,Total,,%,,,,Total
Estonia,EE,EST,233,Proportion of health care facilities with limited hygiene services,2000,0,Total,,%,,,,Total
Estonia,EE,EST,233,Proportion of health care facilities with limited hygiene services,2001,0,Total,,%,,,,Total
Estonia,EE,EST,233,Proportion of health care facilities with limited hygiene services,2002,0,Total,,%,,,,Total
Estonia,EE,EST,233,Proportion of health care facilities with limited hygiene services,2003,0,Total,,%,,,,Total
Estonia,EE,EST,233,Proportion of health care facilities with limited hygiene services,2004,0,Total,,%,,,,Total
Estonia,EE,EST,233,Proportion of health care facilities with limited hygiene services,2005,0,Total,,%,,,,Total
Estonia,EE,EST,233,Proportion of health care facilities with limited hygiene services,2006,0,Total,,%,,,,Total
Estonia,EE,EST,233,Proportion of health care facilities with limited hygiene services,2007,0,Total,,%,,,,Total
Estonia,EE,EST,233,Proportion of health care facilities with limited hygiene services,2008,0,Total,,%,,,,Total
Estonia,EE,EST,233,Proportion of health care facilities with limited hygiene services,2009,0,Total,,%,,,,Total
Estonia,EE,EST,233,Proportion of health care facilities with limited hygiene services,2010,0,Total,,%,,,,Total
Estonia,EE,EST,233,Proportion of health care facilities with limited hygiene services,2011,0,Total,,%,,,,Total
Estonia,EE,EST,233,Proportion of health care facilities with limited hygiene services,2012,0,Total,,%,,,,Total
Estonia,EE,EST,233,Proportion of health care facilities with limited hygiene services,2013,0,Total,,%,,,,Total
Estonia,EE,EST,233,Proportion of health care facilities with limited hygiene services,2014,0,Total,,%,,,,Total
Estonia,EE,EST,233,Proportion of health care facilities with limited hygiene services,2015,0,Total,,%,,,,Total
Estonia,EE,EST,233,Proportion of health care facilities with limited hygiene services,2016,0,Total,,%,,,,Total
Estonia,EE,EST,233,Proportion of health care facilities with limited hygiene services,2017,0,Total,,%,,,,Total
Estonia,EE,EST,233,Proportion of health care facilities with limited hygiene services,2018,0,Total,,%,,,,Total
Estonia,EE,EST,233,Proportion of health care facilities with limited hygiene services,2019,0,Total,,%,,,,Total
Estonia,EE,EST,233,Proportion of health care facilities with limited hygiene services,2020,0,Total,,%,,,,Total
Estonia,EE,EST,233,Proportion of health care facilities with limited hygiene services,2021,0,Total,,%,,,,Total
Estonia,EE,EST,233,Proportion of health care facilities with limited hygiene services,2022,0,Total,,%,,,,Total
Estonia,EE,EST,233,Proportion of health care facilities with limited hygiene services,2023,0,Total,,%,,,,Total
Fiji,FJ,FJI,242,Proportion of health care facilities with limited hygiene services,2013,34.5,Total,,%,,,,Total
Fiji,FJ,FJI,242,Proportion of health care facilities with limited hygiene services,2014,34.5,Total,,%,,,,Total
Fiji,FJ,FJI,242,Proportion of health care facilities with limited hygiene services,2015,34.5,Total,,%,,,,Total
Fiji,FJ,FJI,242,Proportion of health care facilities with limited hygiene services,2016,34.5,Total,,%,,,,Total
Fiji,FJ,FJI,242,Proportion of health care facilities with limited hygiene services,2017,34.5,Total,,%,,,,Total
Fiji,FJ,FJI,242,Proportion of health care facilities with limited hygiene services,2018,34.5,Total,,%,,,,Total
Fiji,FJ,FJI,242,Proportion of health care facilities with limited hygiene services,2019,34.5,Total,,%,,,,Total
Fiji,FJ,FJI,242,Proportion of health care facilities with limited hygiene services,2020,34.5,Total,,%,,,,Total
Fiji,FJ,FJI,242,Proportion of health care facilities with limited hygiene services,2021,34.5,Total,,%,,,,Total
Georgia,GE,GEO,268,Proportion of health care facilities with limited hygiene services,2017,12.08333333333333,Total,,%,,,,Total
Georgia,GE,GEO,268,Proportion of health care facilities with limited hygiene services,2018,12.08333333333333,Total,,%,,,,Total
Georgia,GE,GEO,268,Proportion of health care facilities with limited hygiene services,2019,12.08333333333333,Total,,%,,,,Total
Georgia,GE,GEO,268,Proportion of health care facilities with limited hygiene services,2020,12.08333333333333,Total,,%,,,,Total
Georgia,GE,GEO,268,Proportion of health care facilities with limited hygiene services,2021,12.08333333333333,Total,,%,,,,Total
Georgia,GE,GEO,268,Proportion of health care facilities with limited hygiene services,2022,12.08333333333333,Total,,%,,,,Total
Georgia,GE,GEO,268,Proportion of health care facilities with limited hygiene services,2023,12.08333333333333,Total,,%,,,,Total
Ghana,GH,GHA,288,Proportion of health care facilities with limited hygiene services,2012,32.45182571428586,Total,,%,,,,Total
Ghana,GH,GHA,288,Proportion of health care facilities with limited hygiene services,2013,32.45182571428586,Total,,%,,,,Total
Ghana,GH,GHA,288,Proportion of health care facilities with limited hygiene services,2014,32.336225714286,Total,,%,,,,Total
Ghana,GH,GHA,288,Proportion of health care facilities with limited hygiene services,2015,31.6948757142859,Total,,%,,,,Total
Ghana,GH,GHA,288,Proportion of health care facilities with limited hygiene services,2016,31.0535257142858,Total,,%,,,,Total
Ghana,GH,GHA,288,Proportion of health care facilities with limited hygiene services,2017,31.89986999999996,Total,,%,,,,Total
Ghana,GH,GHA,288,Proportion of health care facilities with limited hygiene services,2018,32.74621428571436,Total,,%,,,,Total
Ghana,GH,GHA,288,Proportion of health care facilities with limited hygiene services,2019,33.59255857142853,Total,,%,,,,Total
Ghana,GH,GHA,288,Proportion of health care facilities with limited hygiene services,2020,35.08025285714302,Total,,%,,,,Total
Ghana,GH,GHA,288,Proportion of health care facilities with limited hygiene services,2021,36.56794714285707,Total,,%,,,,Total
Ghana,GH,GHA,288,Proportion of health care facilities with limited hygiene services,2022,38.05564142857156,Total,,%,,,,Total
Ghana,GH,GHA,288,Proportion of health care facilities with limited hygiene services,2023,39.54333571428606,Total,,%,,,,Total
Guinea-Bissau,GW,GNB,624,Proportion of health care facilities with limited hygiene services,2010,45.21799999999993,Total,,%,,,,Total
Guinea-Bissau,GW,GNB,624,Proportion of health care facilities with limited hygiene services,2011,45.21799999999993,Total,,%,,,,Total
Guinea-Bissau,GW,GNB,624,Proportion of health care facilities with limited hygiene services,2012,45.21799999999993,Total,,%,,,,Total
Guinea-Bissau,GW,GNB,624,Proportion of health care facilities with limited hygiene services,2013,45.21799999999993,Total,,%,,,,Total
Guinea-Bissau,GW,GNB,624,Proportion of health care facilities with limited hygiene services,2014,45.21799999999993,Total,,%,,,,Total
Guinea-Bissau,GW,GNB,624,Proportion of health care facilities with limited hygiene services,2015,45.4518250000001,Total,,%,,,,Total
Guinea-Bissau,GW,GNB,624,Proportion of health care facilities with limited hygiene services,2016,44.77639999999997,Total,,%,,,,Total
Guinea-Bissau,GW,GNB,624,Proportion of health care facilities with limited hygiene services,2017,46.54292857142809,Total,,%,,,,Total
Guinea-Bissau,GW,GNB,624,Proportion of health care facilities with limited hygiene services,2018,49.39657142857072,Total,,%,,,,Total
Guinea-Bissau,GW,GNB,624,Proportion of health care facilities with limited hygiene services,2019,52.25021428571335,Total,,%,,,,Total
Guinea-Bissau,GW,GNB,624,Proportion of health care facilities with limited hygiene services,2020,55.1038571428569,Total,,%,,,,Total
Guinea-Bissau,GW,GNB,624,Proportion of health care facilities with limited hygiene services,2021,57.95749999999953,Total,,%,,,,Total
Guinea-Bissau,GW,GNB,624,Proportion of health care facilities with limited hygiene services,2022,60.81114285714216,Total,,%,,,,Total
Guinea-Bissau,GW,GNB,624,Proportion of health care facilities with limited hygiene services,2023,63.66478571428468,Total,,%,,,,Total
Honduras,HN,HND,340,Proportion of health care facilities with limited hygiene services,2013,40,Total,,%,,,,Total
Honduras,HN,HND,340,Proportion of health care facilities with limited hygiene services,2014,40,Total,,%,,,,Total
Honduras,HN,HND,340,Proportion of health care facilities with limited hygiene services,2015,40,Total,,%,,,,Total
Honduras,HN,HND,340,Proportion of health care facilities with limited hygiene services,2016,40,Total,,%,,,,Total
Honduras,HN,HND,340,Proportion of health care facilities with limited hygiene services,2017,40,Total,,%,,,,Total
Honduras,HN,HND,340,Proportion of health care facilities with limited hygiene services,2018,40,Total,,%,,,,Total
Honduras,HN,HND,340,Proportion of health care facilities with limited hygiene services,2019,40,Total,,%,,,,Total
Honduras,HN,HND,340,Proportion of health care facilities with limited hygiene services,2020,40,Total,,%,,,,Total
Honduras,HN,HND,340,Proportion of health care facilities with limited hygiene services,2021,40,Total,,%,,,,Total
"Iran, Islamic Republic of",IR,IRN,364,Proportion of health care facilities with limited hygiene services,2017,4.5822,Total,,%,,,,Total
"Iran, Islamic Republic of",IR,IRN,364,Proportion of health care facilities with limited hygiene services,2018,4.5822,Total,,%,,,,Total
"Iran, Islamic Republic of",IR,IRN,364,Proportion of health care facilities with limited hygiene services,2019,4.5822,Total,,%,,,,Total
"Iran, Islamic Republic of",IR,IRN,364,Proportion of health care facilities with limited hygiene services,2020,4.5822,Total,,%,,,,Total
"Iran, Islamic Republic of",IR,IRN,364,Proportion of health care facilities with limited hygiene services,2021,4.5822,Total,,%,,,,Total
"Iran, Islamic Republic of",IR,IRN,364,Proportion of health care facilities with limited hygiene services,2022,4.5822,Total,,%,,,,Total
"Iran, Islamic Republic of",IR,IRN,364,Proportion of health care facilities with limited hygiene services,2023,4.5822,Total,,%,,,,Total
Iraq,IQ,IRQ,368,Proportion of health care facilities with limited hygiene services,2017,25.6071,Total,,%,,,,Total
Iraq,IQ,IRQ,368,Proportion of health care facilities with limited hygiene services,2018,25.6071,Total,,%,,,,Total
Iraq,IQ,IRQ,368,Proportion of health care facilities with limited hygiene services,2019,25.6071,Total,,%,,,,Total
Iraq,IQ,IRQ,368,Proportion of health care facilities with limited hygiene services,2020,25.6071,Total,,%,,,,Total
Iraq,IQ,IRQ,368,Proportion of health care facilities with limited hygiene services,2021,25.6071,Total,,%,,,,Total
Iraq,IQ,IRQ,368,Proportion of health care facilities with limited hygiene services,2022,25.6071,Total,,%,,,,Total
Iraq,IQ,IRQ,368,Proportion of health care facilities with limited hygiene services,2023,25.6071,Total,,%,,,,Total
Kenya,KE,KEN,404,Proportion of health care facilities with limited hygiene services,2012,53.09104820207627,Total,,%,,,,Total
Kenya,KE,KEN,404,Proportion of health care facilities with limited hygiene services,2013,52.92654940717439,Total,,%,,,,Total
Kenya,KE,KEN,404,Proportion of health care facilities with limited hygiene services,2014,52.76205061227252,Total,,%,,,,Total
Kenya,KE,KEN,404,Proportion of health care facilities with limited hygiene services,2015,52.59755181737064,Total,,%,,,,Total
Kenya,KE,KEN,404,Proportion of health care facilities with limited hygiene services,2016,52.43305302246877,Total,,%,,,,Total
Kenya,KE,KEN,404,Proportion of health care facilities with limited hygiene services,2017,52.2685542275669,Total,,%,,,,Total
Kenya,KE,KEN,404,Proportion of health care facilities with limited hygiene services,2018,52.10405543266502,Total,,%,,,,Total
Kenya,KE,KEN,404,Proportion of health care facilities with limited hygiene services,2019,51.93955663776315,Total,,%,,,,Total
Kenya,KE,KEN,404,Proportion of health care facilities with limited hygiene services,2020,51.77505784286127,Total,,%,,,,Total
Kenya,KE,KEN,404,Proportion of health care facilities with limited hygiene services,2021,51.6105590479594,Total,,%,,,,Total
Kenya,KE,KEN,404,Proportion of health care facilities with limited hygiene services,2022,51.44606025305752,Total,,%,,,,Total
Kenya,KE,KEN,404,Proportion of health care facilities with limited hygiene services,2023,51.28156145815565,Total,,%,,,,Total
Kuwait,KW,KWT,414,Proportion of health care facilities with limited hygiene services,2000,0,Total,,%,,,,Total
Kuwait,KW,KWT,414,Proportion of health care facilities with limited hygiene services,2001,0,Total,,%,,,,Total
Kuwait,KW,KWT,414,Proportion of health care facilities with limited hygiene services,2002,0,Total,,%,,,,Total
Kuwait,KW,KWT,414,Proportion of health care facilities with limited hygiene services,2003,0,Total,,%,,,,Total
Kuwait,KW,KWT,414,Proportion of health care facilities with limited hygiene services,2004,0,Total,,%,,,,Total
Kuwait,KW,KWT,414,Proportion of health care facilities with limited hygiene services,2005,0,Total,,%,,,,Total
Kuwait,KW,KWT,414,Proportion of health care facilities with limited hygiene services,2006,0,Total,,%,,,,Total
Kuwait,KW,KWT,414,Proportion of health care facilities with limited hygiene services,2007,0,Total,,%,,,,Total
Kuwait,KW,KWT,414,Proportion of health care facilities with limited hygiene services,2008,0,Total,,%,,,,Total
Kuwait,KW,KWT,414,Proportion of health care facilities with limited hygiene services,2009,0,Total,,%,,,,Total
Kuwait,KW,KWT,414,Proportion of health care facilities with limited hygiene services,2010,0,Total,,%,,,,Total
Kuwait,KW,KWT,414,Proportion of health care facilities with limited hygiene services,2011,0,Total,,%,,,,Total
Kuwait,KW,KWT,414,Proportion of health care facilities with limited hygiene services,2012,0,Total,,%,,,,Total
Kuwait,KW,KWT,414,Proportion of health care facilities with limited hygiene services,2013,0,Total,,%,,,,Total
Kuwait,KW,KWT,414,Proportion of health care facilities with limited hygiene services,2014,0,Total,,%,,,,Total
Kuwait,KW,KWT,414,Proportion of health care facilities with limited hygiene services,2015,0,Total,,%,,,,Total
Kuwait,KW,KWT,414,Proportion of health care facilities with limited hygiene services,2016,0,Total,,%,,,,Total
Kuwait,KW,KWT,414,Proportion of health care facilities with limited hygiene services,2017,0,Total,,%,,,,Total
Kuwait,KW,KWT,414,Proportion of health care facilities with limited hygiene services,2018,0,Total,,%,,,,Total
Kuwait,KW,KWT,414,Proportion of health care facilities with limited hygiene services,2019,0,Total,,%,,,,Total
Kuwait,KW,KWT,414,Proportion of health care facilities with limited hygiene services,2020,0,Total,,%,,,,Total
Kuwait,KW,KWT,414,Proportion of health care facilities with limited hygiene services,2021,0,Total,,%,,,,Total
Kuwait,KW,KWT,414,Proportion of health care facilities with limited hygiene services,2022,0,Total,,%,,,,Total
Kuwait,KW,KWT,414,Proportion of health care facilities with limited hygiene services,2023,0,Total,,%,,,,Total
Lao People's Democratic Republic,LA,LAO,418,Proportion of health care facilities with limited hygiene services,2018,20.80970000000001,Total,,%,,,,Total
Lao People's Democratic Republic,LA,LAO,418,Proportion of health care facilities with limited hygiene services,2019,20.80970000000001,Total,,%,,,,Total
Lao People's Democratic Republic,LA,LAO,418,Proportion of health care facilities with limited hygiene services,2020,20.80970000000001,Total,,%,,,,Total
Lao People's Democratic Republic,LA,LAO,418,Proportion of health care facilities with limited hygiene services,2021,20.80970000000001,Total,,%,,,,Total
Lao People's Democratic Republic,LA,LAO,418,Proportion of health care facilities with limited hygiene services,2022,20.80970000000001,Total,,%,,,,Total
Lao People's Democratic Republic,LA,LAO,418,Proportion of health care facilities with limited hygiene services,2023,20.80970000000001,Total,,%,,,,Total
Lithuania,LT,LTU,440,Proportion of health care facilities with limited hygiene services,2011,1,Total,,%,,,,Total
Lithuania,LT,LTU,440,Proportion of health care facilities with limited hygiene services,2012,1,Total,,%,,,,Total
Lithuania,LT,LTU,440,Proportion of health care facilities with limited hygiene services,2013,1,Total,,%,,,,Total
Lithuania,LT,LTU,440,Proportion of health care facilities with limited hygiene services,2014,1,Total,,%,,,,Total
Lithuania,LT,LTU,440,Proportion of health care facilities with limited hygiene services,2015,1,Total,,%,,,,Total
Lithuania,LT,LTU,440,Proportion of health care facilities with limited hygiene services,2016,1,Total,,%,,,,Total
Lithuania,LT,LTU,440,Proportion of health care facilities with limited hygiene services,2017,1,Total,,%,,,,Total
Lithuania,LT,LTU,440,Proportion of health care facilities with limited hygiene services,2018,1,Total,,%,,,,Total
Lithuania,LT,LTU,440,Proportion of health care facilities with limited hygiene services,2019,1,Total,,%,,,,Total
Lithuania,LT,LTU,440,Proportion of health care facilities with limited hygiene services,2020,1,Total,,%,,,,Total
Lithuania,LT,LTU,440,Proportion of health care facilities with limited hygiene services,2021,1,Total,,%,,,,Total
Lithuania,LT,LTU,440,Proportion of health care facilities with limited hygiene services,2022,1,Total,,%,,,,Total
Lithuania,LT,LTU,440,Proportion of health care facilities with limited hygiene services,2023,1,Total,,%,,,,Total
Malawi,MW,MWI,454,Proportion of health care facilities with limited hygiene services,2013,40.65940000000001,Total,,%,,,,Total
Malawi,MW,MWI,454,Proportion of health care facilities with limited hygiene services,2014,40.65940000000001,Total,,%,,,,Total
Malawi,MW,MWI,454,Proportion of health care facilities with limited hygiene services,2015,40.65940000000001,Total,,%,,,,Total
Malawi,MW,MWI,454,Proportion of health care facilities with limited hygiene services,2016,40.65940000000001,Total,,%,,,,Total
Malawi,MW,MWI,454,Proportion of health care facilities with limited hygiene services,2017,40.65940000000001,Total,,%,,,,Total
Malawi,MW,MWI,454,Proportion of health care facilities with limited hygiene services,2018,40.65940000000001,Total,,%,,,,Total
Malawi,MW,MWI,454,Proportion of health care facilities with limited hygiene services,2019,40.65940000000001,Total,,%,,,,Total
Malawi,MW,MWI,454,Proportion of health care facilities with limited hygiene services,2020,40.65940000000001,Total,,%,,,,Total
Malawi,MW,MWI,454,Proportion of health care facilities with limited hygiene services,2021,40.65940000000001,Total,,%,,,,Total
Malaysia,MY,MYS,458,Proportion of health care facilities with limited hygiene services,2000,0,Total,,%,,,,Total
Malaysia,MY,MYS,458,Proportion of health care facilities with limited hygiene services,2001,0,Total,,%,,,,Total
Malaysia,MY,MYS,458,Proportion of health care facilities with limited hygiene services,2002,0,Total,,%,,,,Total
Malaysia,MY,MYS,458,Proportion of health care facilities with limited hygiene services,2003,0,Total,,%,,,,Total
Malaysia,MY,MYS,458,Proportion of health care facilities with limited hygiene services,2004,0,Total,,%,,,,Total
Malaysia,MY,MYS,458,Proportion of health care facilities with limited hygiene services,2005,0,Total,,%,,,,Total
Malaysia,MY,MYS,458,Proportion of health care facilities with limited hygiene services,2006,0,Total,,%,,,,Total
Malaysia,MY,MYS,458,Proportion of health care facilities with limited hygiene services,2007,0,Total,,%,,,,Total
Malaysia,MY,MYS,458,Proportion of health care facilities with limited hygiene services,2008,0,Total,,%,,,,Total
Malaysia,MY,MYS,458,Proportion of health care facilities with limited hygiene services,2009,0,Total,,%,,,,Total
Malaysia,MY,MYS,458,Proportion of health care facilities with limited hygiene services,2010,0,Total,,%,,,,Total
Malaysia,MY,MYS,458,Proportion of health care facilities with limited hygiene services,2011,0,Total,,%,,,,Total
Malaysia,MY,MYS,458,Proportion of health care facilities with limited hygiene services,2012,0,Total,,%,,,,Total
Malaysia,MY,MYS,458,Proportion of health care facilities with limited hygiene services,2013,0,Total,,%,,,,Total
Malaysia,MY,MYS,458,Proportion of health care facilities with limited hygiene services,2014,0,Total,,%,,,,Total
Malaysia,MY,MYS,458,Proportion of health care facilities with limited hygiene services,2015,0,Total,,%,,,,Total
Malaysia,MY,MYS,458,Proportion of health care facilities with limited hygiene services,2016,0,Total,,%,,,,Total
Malaysia,MY,MYS,458,Proportion of health care facilities with limited hygiene services,2017,0,Total,,%,,,,Total
Malaysia,MY,MYS,458,Proportion of health care facilities with limited hygiene services,2018,0,Total,,%,,,,Total
Malaysia,MY,MYS,458,Proportion of health care facilities with limited hygiene services,2019,0,Total,,%,,,,Total
Malaysia,MY,MYS,458,Proportion of health care facilities with limited hygiene services,2020,0,Total,,%,,,,Total
Malaysia,MY,MYS,458,Proportion of health care facilities with limited hygiene services,2021,0,Total,,%,,,,Total
Malaysia,MY,MYS,458,Proportion of health care facilities with limited hygiene services,2022,0,Total,,%,,,,Total
Malaysia,MY,MYS,458,Proportion of health care facilities with limited hygiene services,2023,0,Total,,%,,,,Total
Maldives,MV,MDV,462,Proportion of health care facilities with limited hygiene services,2014,20.21276595744681,Total,,%,,,,Total
Maldives,MV,MDV,462,Proportion of health care facilities with limited hygiene services,2015,20.21276595744681,Total,,%,,,,Total
Maldives,MV,MDV,462,Proportion of health care facilities with limited hygiene services,2016,20.21276595744681,Total,,%,,,,Total
Maldives,MV,MDV,462,Proportion of health care facilities with limited hygiene services,2017,20.21276595744681,Total,,%,,,,Total
Maldives,MV,MDV,462,Proportion of health care facilities with limited hygiene services,2018,20.21276595744681,Total,,%,,,,Total
Maldives,MV,MDV,462,Proportion of health care facilities with limited hygiene services,2019,20.21276595744681,Total,,%,,,,Total
Maldives,MV,MDV,462,Proportion of health care facilities with limited hygiene services,2020,20.21276595744681,Total,,%,,,,Total
Maldives,MV,MDV,462,Proportion of health care facilities with limited hygiene services,2021,20.21276595744681,Total,,%,,,,Total
Maldives,MV,MDV,462,Proportion of health care facilities with limited hygiene services,2022,20.21276595744681,Total,,%,,,,Total
Malta,MT,MLT,470,Proportion of health care facilities with limited hygiene services,2000,0,Total,,%,,,,Total
Malta,MT,MLT,470,Proportion of health care facilities with limited hygiene services,2001,0,Total,,%,,,,Total
Malta,MT,MLT,470,Proportion of health care facilities with limited hygiene services,2002,0,Total,,%,,,,Total
Malta,MT,MLT,470,Proportion of health care facilities with limited hygiene services,2003,0,Total,,%,,,,Total
Malta,MT,MLT,470,Proportion of health care facilities with limited hygiene services,2004,0,Total,,%,,,,Total
Malta,MT,MLT,470,Proportion of health care facilities with limited hygiene services,2005,0,Total,,%,,,,Total
Malta,MT,MLT,470,Proportion of health care facilities with limited hygiene services,2006,0,Total,,%,,,,Total
Malta,MT,MLT,470,Proportion of health care facilities with limited hygiene services,2007,0,Total,,%,,,,Total
Malta,MT,MLT,470,Proportion of health care facilities with limited hygiene services,2008,0,Total,,%,,,,Total
Malta,MT,MLT,470,Proportion of health care facilities with limited hygiene services,2009,0,Total,,%,,,,Total
Malta,MT,MLT,470,Proportion of health care facilities with limited hygiene services,2010,0,Total,,%,,,,Total
Malta,MT,MLT,470,Proportion of health care facilities with limited hygiene services,2011,0,Total,,%,,,,Total
Malta,MT,MLT,470,Proportion of health care facilities with limited hygiene services,2012,0,Total,,%,,,,Total
Malta,MT,MLT,470,Proportion of health care facilities with limited hygiene services,2013,0,Total,,%,,,,Total
Malta,MT,MLT,470,Proportion of health care facilities with limited hygiene services,2014,0,Total,,%,,,,Total
Malta,MT,MLT,470,Proportion of health care facilities with limited hygiene services,2015,0,Total,,%,,,,Total
Malta,MT,MLT,470,Proportion of health care facilities with limited hygiene services,2016,0,Total,,%,,,,Total
Malta,MT,MLT,470,Proportion of health care facilities with limited hygiene services,2017,0,Total,,%,,,,Total
Malta,MT,MLT,470,Proportion of health care facilities with limited hygiene services,2018,0,Total,,%,,,,Total
Malta,MT,MLT,470,Proportion of health care facilities with limited hygiene services,2019,0,Total,,%,,,,Total
Malta,MT,MLT,470,Proportion of health care facilities with limited hygiene services,2020,0,Total,,%,,,,Total
Malta,MT,MLT,470,Proportion of health care facilities with limited hygiene services,2021,0,Total,,%,,,,Total
Malta,MT,MLT,470,Proportion of health care facilities with limited hygiene services,2022,0,Total,,%,,,,Total
Malta,MT,MLT,470,Proportion of health care facilities with limited hygiene services,2023,0,Total,,%,,,,Total
"Micronesia, Federated States of",FM,FSM,583,Proportion of health care facilities with limited hygiene services,2017,27.2728,Total,,%,,,,Total
"Micronesia, Federated States of",FM,FSM,583,Proportion of health care facilities with limited hygiene services,2018,27.2728,Total,,%,,,,Total
"Micronesia, Federated States of",FM,FSM,583,Proportion of health care facilities with limited hygiene services,2019,27.2728,Total,,%,,,,Total
"Micronesia, Federated States of",FM,FSM,583,Proportion of health care facilities with limited hygiene services,2020,27.2728,Total,,%,,,,Total
"Micronesia, Federated States of",FM,FSM,583,Proportion of health care facilities with limited hygiene services,2021,27.2728,Total,,%,,,,Total
"Micronesia, Federated States of",FM,FSM,583,Proportion of health care facilities with limited hygiene services,2022,27.2728,Total,,%,,,,Total
"Micronesia, Federated States of",FM,FSM,583,Proportion of health care facilities with limited hygiene services,2023,27.2728,Total,,%,,,,Total
Mongolia,MN,MNG,496,Proportion of health care facilities with limited hygiene services,2019,27.58620000000001,Total,,%,,,,Total
Mongolia,MN,MNG,496,Proportion of health care facilities with limited hygiene services,2020,27.58620000000001,Total,,%,,,,Total
Mongolia,MN,MNG,496,Proportion of health care facilities with limited hygiene services,2021,27.58620000000001,Total,,%,,,,Total
Mongolia,MN,MNG,496,Proportion of health care facilities with limited hygiene services,2022,27.58620000000001,Total,,%,,,,Total
Mongolia,MN,MNG,496,Proportion of health care facilities with limited hygiene services,2023,27.58620000000001,Total,,%,,,,Total
Morocco,MA,MAR,504,Proportion of health care facilities with limited hygiene services,2018,46.17389999999999,Total,,%,,,,Total
Morocco,MA,MAR,504,Proportion of health care facilities with limited hygiene services,2019,46.17389999999999,Total,,%,,,,Total
Morocco,MA,MAR,504,Proportion of health care facilities with limited hygiene services,2020,46.17389999999999,Total,,%,,,,Total
Morocco,MA,MAR,504,Proportion of health care facilities with limited hygiene services,2021,46.17389999999999,Total,,%,,,,Total
Morocco,MA,MAR,504,Proportion of health care facilities with limited hygiene services,2022,46.17389999999999,Total,,%,,,,Total
Morocco,MA,MAR,504,Proportion of health care facilities with limited hygiene services,2023,46.17389999999999,Total,,%,,,,Total
Nepal,NP,NPL,524,Proportion of health care facilities with limited hygiene services,2017,30.44709999999655,Total,,%,,,,Total
Nepal,NP,NPL,524,Proportion of health care facilities with limited hygiene services,2018,22.84270000000001,Total,,%,,,,Total
Nepal,NP,NPL,524,Proportion of health care facilities with limited hygiene services,2019,22.84270000000001,Total,,%,,,,Total
Nepal,NP,NPL,524,Proportion of health care facilities with limited hygiene services,2020,22.84270000000001,Total,,%,,,,Total
Nepal,NP,NPL,524,Proportion of health care facilities with limited hygiene services,2021,22.84270000000001,Total,,%,,,,Total
Nepal,NP,NPL,524,Proportion of health care facilities with limited hygiene services,2022,22.84270000000001,Total,,%,,,,Total
Nepal,NP,NPL,524,Proportion of health care facilities with limited hygiene services,2023,22.84270000000001,Total,,%,,,,Total
Nicaragua,NI,NIC,558,Proportion of health care facilities with limited hygiene services,2017,33.07516666666667,Total,,%,,,,Total
Nicaragua,NI,NIC,558,Proportion of health care facilities with limited hygiene services,2018,33.07516666666667,Total,,%,,,,Total
Nicaragua,NI,NIC,558,Proportion of health care facilities with limited hygiene services,2019,33.07516666666667,Total,,%,,,,Total
Nicaragua,NI,NIC,558,Proportion of health care facilities with limited hygiene services,2020,33.07516666666667,Total,,%,,,,Total
Nicaragua,NI,NIC,558,Proportion of health care facilities with limited hygiene services,2021,33.07516666666667,Total,,%,,,,Total
Nicaragua,NI,NIC,558,Proportion of health care facilities with limited hygiene services,2022,33.07516666666667,Total,,%,,,,Total
Nicaragua,NI,NIC,558,Proportion of health care facilities with limited hygiene services,2023,33.07516666666667,Total,,%,,,,Total
Niger,NE,NER,562,Proportion of health care facilities with limited hygiene services,2017,59.40344329896916,Total,,%,,,,Total
Niger,NE,NER,562,Proportion of health care facilities with limited hygiene services,2018,57.73602783505147,Total,,%,,,,Total
Niger,NE,NER,562,Proportion of health care facilities with limited hygiene services,2019,56.0686123711338,Total,,%,,,,Total
Niger,NE,NER,562,Proportion of health care facilities with limited hygiene services,2020,54.40119690721658,Total,,%,,,,Total
Niger,NE,NER,562,Proportion of health care facilities with limited hygiene services,2021,52.7337814432989,Total,,%,,,,Total
Niger,NE,NER,562,Proportion of health care facilities with limited hygiene services,2022,51.06636597938123,Total,,%,,,,Total
Niger,NE,NER,562,Proportion of health care facilities with limited hygiene services,2023,49.398950515464,Total,,%,,,,Total
Nigeria,NG,NGA,566,Proportion of health care facilities with limited hygiene services,2011,47.80373926553762,Total,,%,,,,Total
Nigeria,NG,NGA,566,Proportion of health care facilities with limited hygiene services,2012,47.80373926553762,Total,,%,,,,Total
Nigeria,NG,NGA,566,Proportion of health care facilities with limited hygiene services,2013,47.80373926553762,Total,,%,,,,Total
Nigeria,NG,NGA,566,Proportion of health care facilities with limited hygiene services,2014,47.80373926553762,Total,,%,,,,Total
Nigeria,NG,NGA,566,Proportion of health care facilities with limited hygiene services,2015,46.9511858757071,Total,,%,,,,Total
Nigeria,NG,NGA,566,Proportion of health care facilities with limited hygiene services,2016,48.17545748587577,Total,,%,,,,Total
Nigeria,NG,NGA,566,Proportion of health care facilities with limited hygiene services,2017,49.39972909604535,Total,,%,,,,Total
Nigeria,NG,NGA,566,Proportion of health care facilities with limited hygiene services,2018,50.62400070621493,Total,,%,,,,Total
Nigeria,NG,NGA,566,Proportion of health care facilities with limited hygiene services,2019,51.84827231638474,Total,,%,,,,Total
Nigeria,NG,NGA,566,Proportion of health care facilities with limited hygiene services,2020,53.07254392655432,Total,,%,,,,Total
Nigeria,NG,NGA,566,Proportion of health care facilities with limited hygiene services,2021,54.2968155367239,Total,,%,,,,Total
Nigeria,NG,NGA,566,Proportion of health care facilities with limited hygiene services,2022,55.52108714689348,Total,,%,,,,Total
Nigeria,NG,NGA,566,Proportion of health care facilities with limited hygiene services,2023,56.74535875706306,Total,,%,,,,Total
"Macedonia, the former Yugoslav Republic of",MK,MKD,807,Proportion of health care facilities with limited hygiene services,2000,0,Total,,%,,,,Total
"Macedonia, the former Yugoslav Republic of",MK,MKD,807,Proportion of health care facilities with limited hygiene services,2001,0,Total,,%,,,,Total
"Macedonia, the former Yugoslav Republic of",MK,MKD,807,Proportion of health care facilities with limited hygiene services,2002,0,Total,,%,,,,Total
"Macedonia, the former Yugoslav Republic of",MK,MKD,807,Proportion of health care facilities with limited hygiene services,2003,0,Total,,%,,,,Total
"Macedonia, the former Yugoslav Republic of",MK,MKD,807,Proportion of health care facilities with limited hygiene services,2004,0,Total,,%,,,,Total
"Macedonia, the former Yugoslav Republic of",MK,MKD,807,Proportion of health care facilities with limited hygiene services,2005,0,Total,,%,,,,Total
"Macedonia, the former Yugoslav Republic of",MK,MKD,807,Proportion of health care facilities with limited hygiene services,2006,0,Total,,%,,,,Total
"Macedonia, the former Yugoslav Republic of",MK,MKD,807,Proportion of health care facilities with limited hygiene services,2007,0,Total,,%,,,,Total
"Macedonia, the former Yugoslav Republic of",MK,MKD,807,Proportion of health care facilities with limited hygiene services,2008,0,Total,,%,,,,Total
"Macedonia, the former Yugoslav Republic of",MK,MKD,807,Proportion of health care facilities with limited hygiene services,2009,0,Total,,%,,,,Total
"Macedonia, the former Yugoslav Republic of",MK,MKD,807,Proportion of health care facilities with limited hygiene services,2010,0,Total,,%,,,,Total
"Macedonia, the former Yugoslav Republic of",MK,MKD,807,Proportion of health care facilities with limited hygiene services,2011,0,Total,,%,,,,Total
"Macedonia, the former Yugoslav Republic of",MK,MKD,807,Proportion of health care facilities with limited hygiene services,2012,0,Total,,%,,,,Total
"Macedonia, the former Yugoslav Republic of",MK,MKD,807,Proportion of health care facilities with limited hygiene services,2013,0,Total,,%,,,,Total
"Macedonia, the former Yugoslav Republic of",MK,MKD,807,Proportion of health care facilities with limited hygiene services,2014,0,Total,,%,,,,Total
"Macedonia, the former Yugoslav Republic of",MK,MKD,807,Proportion of health care facilities with limited hygiene services,2015,0,Total,,%,,,,Total
"Macedonia, the former Yugoslav Republic of",MK,MKD,807,Proportion of health care facilities with limited hygiene services,2016,0,Total,,%,,,,Total
"Macedonia, the former Yugoslav Republic of",MK,MKD,807,Proportion of health care facilities with limited hygiene services,2017,0,Total,,%,,,,Total
"Macedonia, the former Yugoslav Republic of",MK,MKD,807,Proportion of health care facilities with limited hygiene services,2018,0,Total,,%,,,,Total
"Macedonia, the former Yugoslav Republic of",MK,MKD,807,Proportion of health care facilities with limited hygiene services,2019,0,Total,,%,,,,Total
"Macedonia, the former Yugoslav Republic of",MK,MKD,807,Proportion of health care facilities with limited hygiene services,2020,0,Total,,%,,,,Total
"Macedonia, the former Yugoslav Republic of",MK,MKD,807,Proportion of health care facilities with limited hygiene services,2021,0,Total,,%,,,,Total
"Macedonia, the former Yugoslav Republic of",MK,MKD,807,Proportion of health care facilities with limited hygiene services,2022,0,Total,,%,,,,Total
"Macedonia, the former Yugoslav Republic of",MK,MKD,807,Proportion of health care facilities with limited hygiene services,2023,0,Total,,%,,,,Total
Oman,OM,OMN,512,Proportion of health care facilities with limited hygiene services,2000,0,Total,,%,,,,Total
Oman,OM,OMN,512,Proportion of health care facilities with limited hygiene services,2001,0,Total,,%,,,,Total
Oman,OM,OMN,512,Proportion of health care facilities with limited hygiene services,2002,0,Total,,%,,,,Total
Oman,OM,OMN,512,Proportion of health care facilities with limited hygiene services,2003,0,Total,,%,,,,Total
Oman,OM,OMN,512,Proportion of health care facilities with limited hygiene services,2004,0,Total,,%,,,,Total
Oman,OM,OMN,512,Proportion of health care facilities with limited hygiene services,2005,0,Total,,%,,,,Total
Oman,OM,OMN,512,Proportion of health care facilities with limited hygiene services,2006,0,Total,,%,,,,Total
Oman,OM,OMN,512,Proportion of health care facilities with limited hygiene services,2007,0,Total,,%,,,,Total
Oman,OM,OMN,512,Proportion of health care facilities with limited hygiene services,2008,0,Total,,%,,,,Total
Oman,OM,OMN,512,Proportion of health care facilities with limited hygiene services,2009,0,Total,,%,,,,Total
Oman,OM,OMN,512,Proportion of health care facilities with limited hygiene services,2010,0,Total,,%,,,,Total
Oman,OM,OMN,512,Proportion of health care facilities with limited hygiene services,2011,0,Total,,%,,,,Total
Oman,OM,OMN,512,Proportion of health care facilities with limited hygiene services,2012,0,Total,,%,,,,Total
Oman,OM,OMN,512,Proportion of health care facilities with limited hygiene services,2013,0,Total,,%,,,,Total
Oman,OM,OMN,512,Proportion of health care facilities with limited hygiene services,2014,0,Total,,%,,,,Total
Oman,OM,OMN,512,Proportion of health care facilities with limited hygiene services,2015,0,Total,,%,,,,Total
Oman,OM,OMN,512,Proportion of health care facilities with limited hygiene services,2016,0,Total,,%,,,,Total
Oman,OM,OMN,512,Proportion of health care facilities with limited hygiene services,2017,0,Total,,%,,,,Total
Oman,OM,OMN,512,Proportion of health care facilities with limited hygiene services,2018,0,Total,,%,,,,Total
Oman,OM,OMN,512,Proportion of health care facilities with limited hygiene services,2019,0,Total,,%,,,,Total
Oman,OM,OMN,512,Proportion of health care facilities with limited hygiene services,2020,0,Total,,%,,,,Total
Oman,OM,OMN,512,Proportion of health care facilities with limited hygiene services,2021,0,Total,,%,,,,Total
Oman,OM,OMN,512,Proportion of health care facilities with limited hygiene services,2022,0,Total,,%,,,,Total
Oman,OM,OMN,512,Proportion of health care facilities with limited hygiene services,2023,0,Total,,%,,,,Total
Pakistan,PK,PAK,586,Proportion of health care facilities with limited hygiene services,2017,14.5273,Total,,%,,,,Total
Pakistan,PK,PAK,586,Proportion of health care facilities with limited hygiene services,2018,14.5273,Total,,%,,,,Total
Pakistan,PK,PAK,586,Proportion of health care facilities with limited hygiene services,2019,14.5273,Total,,%,,,,Total
Pakistan,PK,PAK,586,Proportion of health care facilities with limited hygiene services,2020,14.5273,Total,,%,,,,Total
Pakistan,PK,PAK,586,Proportion of health care facilities with limited hygiene services,2021,14.5273,Total,,%,,,,Total
Pakistan,PK,PAK,586,Proportion of health care facilities with limited hygiene services,2022,14.5273,Total,,%,,,,Total
Pakistan,PK,PAK,586,Proportion of health care facilities with limited hygiene services,2023,14.5273,Total,,%,,,,Total
Philippines,PH,PHL,608,Proportion of health care facilities with limited hygiene services,2019,20.24254999999999,Total,,%,,,,Total
Philippines,PH,PHL,608,Proportion of health care facilities with limited hygiene services,2020,20.24254999999999,Total,,%,,,,Total
Philippines,PH,PHL,608,Proportion of health care facilities with limited hygiene services,2021,20.24254999999999,Total,,%,,,,Total
Philippines,PH,PHL,608,Proportion of health care facilities with limited hygiene services,2022,20.24254999999999,Total,,%,,,,Total
Philippines,PH,PHL,608,Proportion of health care facilities with limited hygiene services,2023,20.24254999999999,Total,,%,,,,Total
Rwanda,RW,RWA,646,Proportion of health care facilities with limited hygiene services,2019,53.5529,Total,,%,,,,Total
Rwanda,RW,RWA,646,Proportion of health care facilities with limited hygiene services,2020,53.5529,Total,,%,,,,Total
Rwanda,RW,RWA,646,Proportion of health care facilities with limited hygiene services,2021,53.5529,Total,,%,,,,Total
Rwanda,RW,RWA,646,Proportion of health care facilities with limited hygiene services,2022,53.5529,Total,,%,,,,Total
Rwanda,RW,RWA,646,Proportion of health care facilities with limited hygiene services,2023,53.5529,Total,,%,,,,Total
San Marino,SM,SMR,674,Proportion of health care facilities with limited hygiene services,2000,0,Total,,%,,,,Total
San Marino,SM,SMR,674,Proportion of health care facilities with limited hygiene services,2001,0,Total,,%,,,,Total
San Marino,SM,SMR,674,Proportion of health care facilities with limited hygiene services,2002,0,Total,,%,,,,Total
San Marino,SM,SMR,674,Proportion of health care facilities with limited hygiene services,2003,0,Total,,%,,,,Total
San Marino,SM,SMR,674,Proportion of health care facilities with limited hygiene services,2004,0,Total,,%,,,,Total
San Marino,SM,SMR,674,Proportion of health care facilities with limited hygiene services,2005,0,Total,,%,,,,Total
San Marino,SM,SMR,674,Proportion of health care facilities with limited hygiene services,2006,0,Total,,%,,,,Total
San Marino,SM,SMR,674,Proportion of health care facilities with limited hygiene services,2007,0,Total,,%,,,,Total
San Marino,SM,SMR,674,Proportion of health care facilities with limited hygiene services,2008,0,Total,,%,,,,Total
San Marino,SM,SMR,674,Proportion of health care facilities with limited hygiene services,2009,0,Total,,%,,,,Total
San Marino,SM,SMR,674,Proportion of health care facilities with limited hygiene services,2010,0,Total,,%,,,,Total
San Marino,SM,SMR,674,Proportion of health care facilities with limited hygiene services,2011,0,Total,,%,,,,Total
San Marino,SM,SMR,674,Proportion of health care facilities with limited hygiene services,2012,0,Total,,%,,,,Total
San Marino,SM,SMR,674,Proportion of health care facilities with limited hygiene services,2013,0,Total,,%,,,,Total
San Marino,SM,SMR,674,Proportion of health care facilities with limited hygiene services,2014,0,Total,,%,,,,Total
San Marino,SM,SMR,674,Proportion of health care facilities with limited hygiene services,2015,0,Total,,%,,,,Total
San Marino,SM,SMR,674,Proportion of health care facilities with limited hygiene services,2016,0,Total,,%,,,,Total
San Marino,SM,SMR,674,Proportion of health care facilities with limited hygiene services,2017,0,Total,,%,,,,Total
San Marino,SM,SMR,674,Proportion of health care facilities with limited hygiene services,2018,0,Total,,%,,,,Total
San Marino,SM,SMR,674,Proportion of health care facilities with limited hygiene services,2019,0,Total,,%,,,,Total
San Marino,SM,SMR,674,Proportion of health care facilities with limited hygiene services,2020,0,Total,,%,,,,Total
San Marino,SM,SMR,674,Proportion of health care facilities with limited hygiene services,2021,0,Total,,%,,,,Total
San Marino,SM,SMR,674,Proportion of health care facilities with limited hygiene services,2022,0,Total,,%,,,,Total
San Marino,SM,SMR,674,Proportion of health care facilities with limited hygiene services,2023,0,Total,,%,,,,Total
Saudi Arabia,SA,SAU,682,Proportion of health care facilities with limited hygiene services,2000,0,Total,,%,,,,Total
Saudi Arabia,SA,SAU,682,Proportion of health care facilities with limited hygiene services,2001,0,Total,,%,,,,Total
Saudi Arabia,SA,SAU,682,Proportion of health care facilities with limited hygiene services,2002,0,Total,,%,,,,Total
Saudi Arabia,SA,SAU,682,Proportion of health care facilities with limited hygiene services,2003,0,Total,,%,,,,Total
Saudi Arabia,SA,SAU,682,Proportion of health care facilities with limited hygiene services,2004,0,Total,,%,,,,Total
Saudi Arabia,SA,SAU,682,Proportion of health care facilities with limited hygiene services,2005,0,Total,,%,,,,Total
Saudi Arabia,SA,SAU,682,Proportion of health care facilities with limited hygiene services,2006,0,Total,,%,,,,Total
Saudi Arabia,SA,SAU,682,Proportion of health care facilities with limited hygiene services,2007,0,Total,,%,,,,Total
Saudi Arabia,SA,SAU,682,Proportion of health care facilities with limited hygiene services,2008,0,Total,,%,,,,Total
Saudi Arabia,SA,SAU,682,Proportion of health care facilities with limited hygiene services,2009,0,Total,,%,,,,Total
Saudi Arabia,SA,SAU,682,Proportion of health care facilities with limited hygiene services,2010,0,Total,,%,,,,Total
Saudi Arabia,SA,SAU,682,Proportion of health care facilities with limited hygiene services,2011,0,Total,,%,,,,Total
Saudi Arabia,SA,SAU,682,Proportion of health care facilities with limited hygiene services,2012,0,Total,,%,,,,Total
Saudi Arabia,SA,SAU,682,Proportion of health care facilities with limited hygiene services,2013,0,Total,,%,,,,Total
Saudi Arabia,SA,SAU,682,Proportion of health care facilities with limited hygiene services,2014,0,Total,,%,,,,Total
Saudi Arabia,SA,SAU,682,Proportion of health care facilities with limited hygiene services,2015,0,Total,,%,,,,Total
Saudi Arabia,SA,SAU,682,Proportion of health care facilities with limited hygiene services,2016,0,Total,,%,,,,Total
Saudi Arabia,SA,SAU,682,Proportion of health care facilities with limited hygiene services,2017,0,Total,,%,,,,Total
Saudi Arabia,SA,SAU,682,Proportion of health care facilities with limited hygiene services,2018,0,Total,,%,,,,Total
Saudi Arabia,SA,SAU,682,Proportion of health care facilities with limited hygiene services,2019,0,Total,,%,,,,Total
Saudi Arabia,SA,SAU,682,Proportion of health care facilities with limited hygiene services,2020,0,Total,,%,,,,Total
Saudi Arabia,SA,SAU,682,Proportion of health care facilities with limited hygiene services,2021,0,Total,,%,,,,Total
Saudi Arabia,SA,SAU,682,Proportion of health care facilities with limited hygiene services,2022,0,Total,,%,,,,Total
Saudi Arabia,SA,SAU,682,Proportion of health care facilities with limited hygiene services,2023,0,Total,,%,,,,Total
Serbia,RS,SRB,688,Proportion of health care facilities with limited hygiene services,2013,13.05,Total,,%,,,,Total
Serbia,RS,SRB,688,Proportion of health care facilities with limited hygiene services,2014,13.05,Total,,%,,,,Total
Serbia,RS,SRB,688,Proportion of health care facilities with limited hygiene services,2015,14.10000000000001,Total,,%,,,,Total
Serbia,RS,SRB,688,Proportion of health care facilities with limited hygiene services,2016,14.10000000000001,Total,,%,,,,Total
Serbia,RS,SRB,688,Proportion of health care facilities with limited hygiene services,2017,14.10000000000001,Total,,%,,,,Total
Serbia,RS,SRB,688,Proportion of health care facilities with limited hygiene services,2018,14.10000000000001,Total,,%,,,,Total
Serbia,RS,SRB,688,Proportion of health care facilities with limited hygiene services,2019,14.10000000000001,Total,,%,,,,Total
Serbia,RS,SRB,688,Proportion of health care facilities with limited hygiene services,2020,14.10000000000001,Total,,%,,,,Total
Serbia,RS,SRB,688,Proportion of health care facilities with limited hygiene services,2021,14.10000000000001,Total,,%,,,,Total
Serbia,RS,SRB,688,Proportion of health care facilities with limited hygiene services,2022,14.10000000000001,Total,,%,,,,Total
Serbia,RS,SRB,688,Proportion of health care facilities with limited hygiene services,2023,14.10000000000001,Total,,%,,,,Total
Singapore,SG,SGP,702,Proportion of health care facilities with limited hygiene services,2000,0,Total,,%,,,,Total
Singapore,SG,SGP,702,Proportion of health care facilities with limited hygiene services,2001,0,Total,,%,,,,Total
Singapore,SG,SGP,702,Proportion of health care facilities with limited hygiene services,2002,0,Total,,%,,,,Total
Singapore,SG,SGP,702,Proportion of health care facilities with limited hygiene services,2003,0,Total,,%,,,,Total
Singapore,SG,SGP,702,Proportion of health care facilities with limited hygiene services,2004,0,Total,,%,,,,Total
Singapore,SG,SGP,702,Proportion of health care facilities with limited hygiene services,2005,0,Total,,%,,,,Total
Singapore,SG,SGP,702,Proportion of health care facilities with limited hygiene services,2006,0,Total,,%,,,,Total
Singapore,SG,SGP,702,Proportion of health care facilities with limited hygiene services,2007,0,Total,,%,,,,Total
Singapore,SG,SGP,702,Proportion of health care facilities with limited hygiene services,2008,0,Total,,%,,,,Total
Singapore,SG,SGP,702,Proportion of health care facilities with limited hygiene services,2009,0,Total,,%,,,,Total
Singapore,SG,SGP,702,Proportion of health care facilities with limited hygiene services,2010,0,Total,,%,,,,Total
Singapore,SG,SGP,702,Proportion of health care facilities with limited hygiene services,2011,0,Total,,%,,,,Total
Singapore,SG,SGP,702,Proportion of health care facilities with limited hygiene services,2012,0,Total,,%,,,,Total
Singapore,SG,SGP,702,Proportion of health care facilities with limited hygiene services,2013,0,Total,,%,,,,Total
Singapore,SG,SGP,702,Proportion of health care facilities with limited hygiene services,2014,0,Total,,%,,,,Total
Singapore,SG,SGP,702,Proportion of health care facilities with limited hygiene services,2015,0,Total,,%,,,,Total
Singapore,SG,SGP,702,Proportion of health care facilities with limited hygiene services,2016,0,Total,,%,,,,Total
Singapore,SG,SGP,702,Proportion of health care facilities with limited hygiene services,2017,0,Total,,%,,,,Total
Singapore,SG,SGP,702,Proportion of health care facilities with limited hygiene services,2018,0,Total,,%,,,,Total
Singapore,SG,SGP,702,Proportion of health care facilities with limited hygiene services,2019,0,Total,,%,,,,Total
Singapore,SG,SGP,702,Proportion of health care facilities with limited hygiene services,2020,0,Total,,%,,,,Total
Singapore,SG,SGP,702,Proportion of health care facilities with limited hygiene services,2021,0,Total,,%,,,,Total
Singapore,SG,SGP,702,Proportion of health care facilities with limited hygiene services,2022,0,Total,,%,,,,Total
Singapore,SG,SGP,702,Proportion of health care facilities with limited hygiene services,2023,0,Total,,%,,,,Total
Solomon Islands,SB,SLB,90,Proportion of health care facilities with limited hygiene services,2016,28.4091,Total,,%,,,,Total
Solomon Islands,SB,SLB,90,Proportion of health care facilities with limited hygiene services,2017,28.4091,Total,,%,,,,Total
Solomon Islands,SB,SLB,90,Proportion of health care facilities with limited hygiene services,2018,28.4091,Total,,%,,,,Total
Solomon Islands,SB,SLB,90,Proportion of health care facilities with limited hygiene services,2019,28.4091,Total,,%,,,,Total
Solomon Islands,SB,SLB,90,Proportion of health care facilities with limited hygiene services,2020,28.4091,Total,,%,,,,Total
Solomon Islands,SB,SLB,90,Proportion of health care facilities with limited hygiene services,2021,28.4091,Total,,%,,,,Total
Solomon Islands,SB,SLB,90,Proportion of health care facilities with limited hygiene services,2022,28.4091,Total,,%,,,,Total
Solomon Islands,SB,SLB,90,Proportion of health care facilities with limited hygiene services,2023,28.4091,Total,,%,,,,Total
Somalia,SO,SOM,706,Proportion of health care facilities with limited hygiene services,2019,13.2701,Total,,%,,,,Total
Somalia,SO,SOM,706,Proportion of health care facilities with limited hygiene services,2020,13.2701,Total,,%,,,,Total
Somalia,SO,SOM,706,Proportion of health care facilities with limited hygiene services,2021,13.2701,Total,,%,,,,Total
Somalia,SO,SOM,706,Proportion of health care facilities with limited hygiene services,2022,13.2701,Total,,%,,,,Total
Somalia,SO,SOM,706,Proportion of health care facilities with limited hygiene services,2023,13.2701,Total,,%,,,,Total
"Palestinian Territory, Occupied",PS,PSE,275,Proportion of health care facilities with limited hygiene services,2017,12.55890000000001,Total,,%,,,,Total
"Palestinian Territory, Occupied",PS,PSE,275,Proportion of health care facilities with limited hygiene services,2018,12.55890000000001,Total,,%,,,,Total
"Palestinian Territory, Occupied",PS,PSE,275,Proportion of health care facilities with limited hygiene services,2019,12.55890000000001,Total,,%,,,,Total
"Palestinian Territory, Occupied",PS,PSE,275,Proportion of health care facilities with limited hygiene services,2020,12.55890000000001,Total,,%,,,,Total
"Palestinian Territory, Occupied",PS,PSE,275,Proportion of health care facilities with limited hygiene services,2021,12.55890000000001,Total,,%,,,,Total
"Palestinian Territory, Occupied",PS,PSE,275,Proportion of health care facilities with limited hygiene services,2022,12.55890000000001,Total,,%,,,,Total
"Palestinian Territory, Occupied",PS,PSE,275,Proportion of health care facilities with limited hygiene services,2023,12.55890000000001,Total,,%,,,,Total
Sudan,SD,SDN,736,Proportion of health care facilities with limited hygiene services,2017,14.3284,Total,,%,,,,Total
Sudan,SD,SDN,736,Proportion of health care facilities with limited hygiene services,2018,14.3284,Total,,%,,,,Total
Sudan,SD,SDN,736,Proportion of health care facilities with limited hygiene services,2019,14.3284,Total,,%,,,,Total
Sudan,SD,SDN,736,Proportion of health care facilities with limited hygiene services,2020,14.3284,Total,,%,,,,Total
Sudan,SD,SDN,736,Proportion of health care facilities with limited hygiene services,2021,14.3284,Total,,%,,,,Total
Sudan,SD,SDN,736,Proportion of health care facilities with limited hygiene services,2022,14.3284,Total,,%,,,,Total
Sudan,SD,SDN,736,Proportion of health care facilities with limited hygiene services,2023,14.3284,Total,,%,,,,Total
Syrian Arab Republic,SY,SYR,760,Proportion of health care facilities with limited hygiene services,2018,5.226500000000002,Total,,%,,,,Total
Syrian Arab Republic,SY,SYR,760,Proportion of health care facilities with limited hygiene services,2019,5.226500000000002,Total,,%,,,,Total
Syrian Arab Republic,SY,SYR,760,Proportion of health care facilities with limited hygiene services,2020,5.226500000000002,Total,,%,,,,Total
Syrian Arab Republic,SY,SYR,760,Proportion of health care facilities with limited hygiene services,2021,5.226500000000002,Total,,%,,,,Total
Syrian Arab Republic,SY,SYR,760,Proportion of health care facilities with limited hygiene services,2022,5.226500000000002,Total,,%,,,,Total
Syrian Arab Republic,SY,SYR,760,Proportion of health care facilities with limited hygiene services,2023,5.226500000000002,Total,,%,,,,Total
Tajikistan,TJ,TJK,762,Proportion of health care facilities with limited hygiene services,2017,46.57142857142857,Total,,%,,,,Total
Tajikistan,TJ,TJK,762,Proportion of health care facilities with limited hygiene services,2018,46.57142857142857,Total,,%,,,,Total
Tajikistan,TJ,TJK,762,Proportion of health care facilities with limited hygiene services,2019,46.57142857142857,Total,,%,,,,Total
Tajikistan,TJ,TJK,762,Proportion of health care facilities with limited hygiene services,2020,46.57142857142857,Total,,%,,,,Total
Tajikistan,TJ,TJK,762,Proportion of health care facilities with limited hygiene services,2021,46.57142857142857,Total,,%,,,,Total
Tajikistan,TJ,TJK,762,Proportion of health care facilities with limited hygiene services,2022,46.57142857142857,Total,,%,,,,Total
Tajikistan,TJ,TJK,762,Proportion of health care facilities with limited hygiene services,2023,46.57142857142857,Total,,%,,,,Total
Tunisia,TN,TUN,788,Proportion of health care facilities with limited hygiene services,2017,49.95911999999953,Total,,%,,,,Total
Tunisia,TN,TUN,788,Proportion of health care facilities with limited hygiene services,2018,46.19823999999971,Total,,%,,,,Total
Tunisia,TN,TUN,788,Proportion of health care facilities with limited hygiene services,2019,42.4373599999999,Total,,%,,,,Total
Tunisia,TN,TUN,788,Proportion of health care facilities with limited hygiene services,2020,40.1899,Total,,%,,,,Total
Tunisia,TN,TUN,788,Proportion of health care facilities with limited hygiene services,2021,40.1899,Total,,%,,,,Total
Tunisia,TN,TUN,788,Proportion of health care facilities with limited hygiene services,2022,40.1899,Total,,%,,,,Total
Tunisia,TN,TUN,788,Proportion of health care facilities with limited hygiene services,2023,40.1899,Total,,%,,,,Total
Uganda,UG,UGA,800,Proportion of health care facilities with limited hygiene services,2003,82.50233973727416,Total,,%,,,,Total
Uganda,UG,UGA,800,Proportion of health care facilities with limited hygiene services,2004,82.50233973727416,Total,,%,,,,Total
Uganda,UG,UGA,800,Proportion of health care facilities with limited hygiene services,2005,82.50233973727416,Total,,%,,,,Total
Uganda,UG,UGA,800,Proportion of health care facilities with limited hygiene services,2006,82.50233973727416,Total,,%,,,,Total
Uganda,UG,UGA,800,Proportion of health care facilities with limited hygiene services,2007,82.50233973727416,Total,,%,,,,Total
Uganda,UG,UGA,800,Proportion of health care facilities with limited hygiene services,2008,82.0316855500821,Total,,%,,,,Total
Uganda,UG,UGA,800,Proportion of health care facilities with limited hygiene services,2009,81.56103136288995,Total,,%,,,,Total
Uganda,UG,UGA,800,Proportion of health care facilities with limited hygiene services,2010,81.09037717569788,Total,,%,,,,Total
Uganda,UG,UGA,800,Proportion of health care facilities with limited hygiene services,2011,80.61972298850571,Total,,%,,,,Total
Uganda,UG,UGA,800,Proportion of health care facilities with limited hygiene services,2012,80.14906880131355,Total,,%,,,,Total
Uganda,UG,UGA,800,Proportion of health care facilities with limited hygiene services,2013,79.67841461412149,Total,,%,,,,Total
Uganda,UG,UGA,800,Proportion of health care facilities with limited hygiene services,2014,79.20776042692931,Total,,%,,,,Total
Uganda,UG,UGA,800,Proportion of health care facilities with limited hygiene services,2015,78.07367564272238,Total,,%,,,,Total
Uganda,UG,UGA,800,Proportion of health care facilities with limited hygiene services,2016,76.67215056000771,Total,,%,,,,Total
Uganda,UG,UGA,800,Proportion of health care facilities with limited hygiene services,2017,75.27062547729338,Total,,%,,,,Total
Uganda,UG,UGA,800,Proportion of health care facilities with limited hygiene services,2018,73.86910039457871,Total,,%,,,,Total
Uganda,UG,UGA,800,Proportion of health care facilities with limited hygiene services,2019,72.46757531186438,Total,,%,,,,Total
Uganda,UG,UGA,800,Proportion of health care facilities with limited hygiene services,2020,71.06605022914971,Total,,%,,,,Total
Uganda,UG,UGA,800,Proportion of health care facilities with limited hygiene services,2021,69.66452514643527,Total,,%,,,,Total
Uganda,UG,UGA,800,Proportion of health care facilities with limited hygiene services,2022,68.26300006372071,Total,,%,,,,Total
Uganda,UG,UGA,800,Proportion of health care facilities with limited hygiene services,2023,67.33212916819843,Total,,%,,,,Total
Vanuatu,VU,VUT,548,Proportion of health care facilities with limited hygiene services,2016,34.5912,Total,,%,,,,Total
Vanuatu,VU,VUT,548,Proportion of health care facilities with limited hygiene services,2017,34.5912,Total,,%,,,,Total
Vanuatu,VU,VUT,548,Proportion of health care facilities with limited hygiene services,2018,34.5912,Total,,%,,,,Total
Vanuatu,VU,VUT,548,Proportion of health care facilities with limited hygiene services,2019,34.5912,Total,,%,,,,Total
Vanuatu,VU,VUT,548,Proportion of health care facilities with limited hygiene services,2020,34.5912,Total,,%,,,,Total
Vanuatu,VU,VUT,548,Proportion of health care facilities with limited hygiene services,2021,34.5912,Total,,%,,,,Total
Vanuatu,VU,VUT,548,Proportion of health care facilities with limited hygiene services,2022,34.5912,Total,,%,,,,Total
Vanuatu,VU,VUT,548,Proportion of health care facilities with limited hygiene services,2023,34.5912,Total,,%,,,,Total
Zimbabwe,ZW,ZWE,716,Proportion of health care facilities with limited hygiene services,2014,32,Total,,%,,,,Total
Zimbabwe,ZW,ZWE,716,Proportion of health care facilities with limited hygiene services,2015,32,Total,,%,,,,Total
Zimbabwe,ZW,ZWE,716,Proportion of health care facilities with limited hygiene services,2016,32,Total,,%,,,,Total
Zimbabwe,ZW,ZWE,716,Proportion of health care facilities with limited hygiene services,2017,32,Total,,%,,,,Total
Zimbabwe,ZW,ZWE,716,Proportion of health care facilities with limited hygiene services,2018,32,Total,,%,,,,Total
Zimbabwe,ZW,ZWE,716,Proportion of health care facilities with limited hygiene services,2019,32,Total,,%,,,,Total
Zimbabwe,ZW,ZWE,716,Proportion of health care facilities with limited hygiene services,2020,32,Total,,%,,,,Total
Zimbabwe,ZW,ZWE,716,Proportion of health care facilities with limited hygiene services,2021,32,Total,,%,,,,Total
Zimbabwe,ZW,ZWE,716,Proportion of health care facilities with limited hygiene services,2022,32,Total,,%,,,,Total
